{
  "CorticalColumn": {
    "n_params": 48074,
    "best_test_acc": 0.8763,
    "final_test_acc": 0.8647,
    "train_accs": [
      0.29413333333333336,
      0.5088666666666667,
      0.6262833333333333,
      0.69065,
      0.7280833333333333,
      0.7540666666666667,
      0.7786166666666666,
      0.7977166666666666,
      0.80565,
      0.8247333333333333,
      0.8319,
      0.8425833333333334,
      0.8486833333333333,
      0.8557,
      0.8522333333333333
    ],
    "test_accs": [
      0.3259,
      0.3744,
      0.6642,
      0.7181,
      0.7445,
      0.8212,
      0.8383,
      0.8335,
      0.8759,
      0.8563,
      0.8575,
      0.8763,
      0.8687,
      0.8594,
      0.8647
    ],
    "train_losses": [
      1.9350409605026244,
      1.3975537885983784,
      1.0924647784868877,
      0.9114748534202576,
      0.8033195298194885,
      0.7345686389605204,
      0.6660696102460225,
      0.6109654582977295,
      0.5859175867080688,
      0.5301894320170084,
      0.5116904164155325,
      0.48144199312527974,
      0.4669020410855611,
      0.44398112212816876,
      0.4514857103506724
    ],
    "test_losses": [
      1.8020554121017456,
      1.9179606201171875,
      1.0826857410430908,
      0.8949630787849426,
      0.821339234161377,
      0.5954459610939026,
      0.5520715342998505,
      0.5491911798477173,
      0.46527091598510745,
      0.47120416316986086,
      0.4481369040966034,
      0.38927194173336027,
      0.39458362780809403,
      0.42157008287906644,
      0.40544595668315886
    ],
    "epoch_times": [
      5.556111097335815,
      5.055366039276123,
      5.1133599281311035,
      5.112866163253784,
      4.645220756530762,
      4.486499309539795,
      4.5992043018341064,
      4.513889789581299,
      4.533386707305908,
      4.580464839935303,
      4.844808340072632,
      4.695993661880493,
      5.105663537979126,
      4.670630216598511,
      5.149140119552612
    ]
  },
  "ModernHopfield": {
    "n_params": 50458,
    "best_test_acc": 0.5311,
    "final_test_acc": 0.4701,
    "train_accs": [
      0.15056666666666665,
      0.3486666666666667,
      0.4612833333333333,
      0.44543333333333335,
      0.4718,
      0.49106666666666665,
      0.5189333333333334,
      0.5277166666666666,
      0.45418333333333333,
      0.46008333333333334,
      0.4656,
      0.46581666666666666,
      0.4686,
      0.46976666666666667,
      0.46991666666666665
    ],
    "test_accs": [
      0.3105,
      0.4797,
      0.4274,
      0.4657,
      0.4426,
      0.4997,
      0.4812,
      0.5311,
      0.4596,
      0.4666,
      0.4474,
      0.466,
      0.4708,
      0.47,
      0.4701
    ],
    "train_losses": [
      2.1801928513209026,
      1.7313946620305378,
      1.5416714797973632,
      1.5087197223027546,
      1.4108039659500122,
      1.3746927614212037,
      1.3228034760157268,
      1.2867022909800212,
      1.4644854602177937,
      1.3733973068873087,
      1.3512784507115683,
      1.3521580154418946,
      1.3463248720169068,
      1.3330795550664265,
      1.328973545773824
    ],
    "test_losses": [
      1.9034057052612305,
      1.5187232086181641,
      1.5352442674636841,
      1.4144102905273437,
      1.4459755529403686,
      1.3576811023712159,
      1.3669662902832032,
      1.2968023963928224,
      1.4088941318511963,
      1.3548709197998048,
      1.3585667154312133,
      1.367009860610962,
      1.3328256467819213,
      1.3298821195602417,
      1.3293933685302735
    ],
    "epoch_times": [
      0.5146191120147705,
      0.5176999568939209,
      0.5174994468688965,
      0.529132604598999,
      0.5307140350341797,
      0.5312502384185791,
      0.5330891609191895,
      0.5317432880401611,
      0.5422959327697754,
      0.5569512844085693,
      0.5408556461334229,
      0.5538606643676758,
      0.5516259670257568,
      0.5364048480987549,
      0.5327293872833252
    ]
  },
  "SmallCNN": {
    "n_params": 47658,
    "best_test_acc": 0.9912,
    "final_test_acc": 0.99,
    "train_accs": [
      0.9307333333333333,
      0.9819666666666667,
      0.9884,
      0.9910166666666667,
      0.9934,
      0.9953666666666666,
      0.9968166666666667,
      0.9981666666666666,
      0.9987833333333334,
      0.99945,
      0.9996666666666667,
      0.99985,
      0.9999166666666667,
      0.9999666666666667,
      0.9999833333333333
    ],
    "test_accs": [
      0.9764,
      0.9842,
      0.9859,
      0.9888,
      0.9893,
      0.9891,
      0.9902,
      0.9888,
      0.9908,
      0.9912,
      0.9903,
      0.991,
      0.9906,
      0.9899,
      0.99
    ],
    "train_losses": [
      0.22944861142237982,
      0.0577374310841163,
      0.03768083083977302,
      0.02810297410537799,
      0.02050775369480252,
      0.014737683130521328,
      0.010415974069697161,
      0.006551980652970572,
      0.0047897336811137696,
      0.003030884734680876,
      0.0019410086112096906,
      0.0013413792562438176,
      0.0009774379855953157,
      0.0007932366869994439,
      0.0007098833394159253
    ],
    "test_losses": [
      0.06648633548244834,
      0.04746247553341091,
      0.04256837329271948,
      0.03845355005616439,
      0.032680596546496965,
      0.036748638964805284,
      0.03549251478576771,
      0.03820122221447746,
      0.03233136590433069,
      0.03384931857791212,
      0.033992823417881915,
      0.033015252079952644,
      0.033776826050586156,
      0.03372079748598079,
      0.03376016519224285
    ],
    "epoch_times": [
      0.7490200996398926,
      0.5336964130401611,
      0.5306055545806885,
      0.5311834812164307,
      0.5158371925354004,
      0.4968416690826416,
      0.5080316066741943,
      0.5271787643432617,
      0.5000231266021729,
      0.5046651363372803,
      0.5147480964660645,
      0.4946260452270508,
      0.5200555324554443,
      0.4985466003417969,
      0.5026214122772217
    ]
  }
}